﻿{
    "packageUrlUnsupportedBrowser":  "https://swx.cdn.skype.com/v/1.72.38/js/unsupportedExperience.min.js",
    "implicitOAuthParams":  {
                                "client_id":  "578134"
                            },
    "stratusService":  {
                           "firstContactRequestDelay":  60000
                       },
    "smsPriceWebService":  {
                               "host":  "https://skypesmssfe.trafficmanager.net"
                           },
    "biAppName":  "skype.com",
    "assetsBaseUrl":  "https://swx.cdn.skype.com/assets/v/0.0.300",
    "flagsApiUrl":  "https://flagsapi.skype.com/flags/v1",
    "maximumParticipantsVideo":  25,
    "appBaseUrl":  "https://swx.cdn.skype.com/v/1.72.38",
    "pesConfigUrl":  "",
    "pluginless":  {
                       "mediaAgent":  {
                                          "capabilities":  {
                                                               "video":  true
                                                           }
                                      }
                   },
    "featureFlags":  {
                         "newUrlPreviewDomainEnabled":  true,
                         "contextMenuQuoteMessagesEnabled":  true,
                         "pluginlessVideoCallingChromeLinux":  true,
                         "deviceDisabledDialogEnabled":  true,
                         "pesCDNAuthUrlFallbackEnabled":  true,
                         "mediaBarV2Enabled":  true,
                         "favoritesConversationsEnabled":  true,
                         "copySelectionAsQuoteKeyboard":  true,
                         "filePasteEnabled":  true,
                         "incomingScreenSharing":  true,
                         "navigationMenuIconsEnabled":  true,
                         "outgoingScreenSharingPreview":  true,
                         "isCloudAudioMessageEnabled":  true,
                         "stopPollingOnMissingEndpoint":  true,
                         "contactCardRenderingEnabled":  true,
                         "isCloudVideoMessageEnabled":  true,
                         "skypeDataTelemetry":  true,
                         "persistentPlugin":  true,
                         "mediaBarEnabled":  true,
                         "emoticonSuggestionEnabled":  true,
                         "showWhenIamTyping":  true,
                         "isFlikMessageEnabled":  true,
                         "callInfoCommand":  true,
                         "newConversationV2":  true,
                         "audioVideoSettingsSupport":  true,
                         "youtubePlayer":  true,
                         "chatRequestToastNotifications":  true,
                         "showMessageDeliveryStatus":  true,
                         "supportMessageProperties":  true,
                         "outgoingScreenSharing":  true,
                         "muteSpecificConversationsEnabled":  true,
                         "preloadShellApp":  true,
                         "meCommandEnabled":  true,
                         "shortCircuit":  true,
                         "GVCOutgoing":  true,
                         "GVCEscalation":  true,
                         "contactRequestToastNotifications":  true,
                         "emoticonsLoggingEnabled":  true,
                         "syncThreadBeforeJoinConversationEnabled":  true,
                         "showContactsPageHint":  true,
                         "favoriteContactsEnabled":  true,
                         "codeSnippetEnabled":  true,
                         "hideSystemMessages":  true,
                         "runtimeErrorsTelemetryEnabled":  true,
                         "autoCalling":  true,
                         "preloadPlugin":  true,
                         "contextMenuMarkAsReadEnabled":  true,
                         "sendSkypeInitiatingUsername":  true,
                         "translatorSendingEnabled":  true,
                         "useAzureBasedSilentLogin":  true,
                         "spaceTopicEditor":  true,
                         "canvasEmoticonsEnabled":  true,
                         "removeConversationHistory":  true,
                         "smsSupportEnabled":  true,
                         "pluginlessLocalEscalation":  true,
                         "keyEncryptionServiceV2Enabled":  true,
                         "userSettingsEnabled":  true,
                         "darkThemeEnabled":  true,
                         "contactsServiceV2":  true,
                         "contextMenuCopyMessagesEnabled":  true,
                         "useContactsServiceV2RawView":  true,
                         "markReadMessagesV2Enabled":  true,
                         "formatQuotesEnabled":  true,
                         "pluginlessCallingChromeLinux":  true,
                         "pesGiphyImageSearchEnabled":  true,
                         "aboutPageEnabled":  true,
                         "skypeVideoCallingPolicySupport":  true,
                         "skypeCallPolicySupport":  true,
                         "GVCLocalEscalation":  true,
                         "captureSourceInAllTelemetryEnabled":  true,
                         "skypeDirectorySearch":  true,
                         "PSTN":  true,
                         "GVCJoining":  true,
                         "groupAvatarUpdateEnabled":  true,
                         "persistentShellApp":  true,
                         "pesV2Enabled":  true,
                         "isTypingIndicator":  true,
                         "fileTransferEnabled":  true,
                         "enableRawEmoticonsRendering":  true,
                         "notificationsSettingsEnabled":  true,
                         "giphy":  true,
                         "mobileIndicator":  true,
                         "pluginlessRemoteEscalation":  true,
                         "swiftCardRendering":  true,
                         "pluginAutoUpdate":  true,
                         "translatorReceivingEnabled":  true,
                         "calling":  true,
                         "sendContactCardEnabled":  true,
                         "spaces":  true,
                         "serviceFailureReporting":  true,
                         "profileUpdateNotificationsEnabled":  true,
                         "callingFullScreen":  true,
                         "fileDragDropEnabled":  true,
                         "pluginlessIncomingScreenSharingEdge":  true,
                         "notificationsSoundsSettingsEnabled":  true,
                         "unansweredCallUIEnabled":  true,
                         "moodMessageEditEnabled":  true,
                         "unreadMessageToastNotifications":  true,
                         "photoSharingEnabled":  true,
                         "NGCalling":  true,
                         "showAgentExtraInfoOnProfile":  true,
                         "incomingCallToastNotifications":  true,
                         "pesCDNAuthEnabled":  true,
                         "mentionsEnabled":  true,
                         "CQF":  true,
                         "showEmoticonSuggestionsSetting":  true,
                         "welcomeDialog":  true,
                         "errorLogReporting":  true,
                         "incomingWikiMarkup":  true,
                         "pluginlessCallingEdge":  true,
                         "urlPreviewLoadYoutubePlayer":  true,
                         "swiftCardRenderingMediaCards":  true,
                         "urlPreviews":  true,
                         "pesUseExtraLargeEmoticons":  true,
                         "showTimestampsInNarrowMode":  true,
                         "emoticonSettingsEnabled":  true
                     },
    "webApiService":  {
                          "endpointRetry":  {
                                                "noiseFactor":  0.5,
                                                "base":  5
                                            },
                          "retry":  {
                                        "delay":  5000,
                                        "limit":  1
                                    }
                      },
    "xcoEnv":  "live",
    "incomingCalls":  {
                          "trouterTelemetryEnvironment":  "prod"
                      },
    "pnvService":  {
                       "host":  "https://a.login.skype.com/"
                   },
    "profileService":  {
                           "host":  "https://pf.directory.live.com/"
                       },
    "packageUrl":  "https://swx.cdn.skype.com/v/1.72.38/js/fullExperience.min.js",
    "meProfileUrl":  "https://go.skype.com/myaccount?intsrc=client-_-webapp-_-production-_-go-myaccount",
    "entitlementService":  {
                               "retry":  {
                                             "delay":  3000,
                                             "limit":  5,
                                             "strategy":  "exponential"
                                         }
                           },
    "plugin":  {
                   "ecsService":  "prod",
                   "manifestKey":  "SkypePluginManifestProd",
                   "download":  {
                                    "maxVersion":  "99.99.99.99",
                                    "pkg":  "https://swx.cdn.skype.com/plugin/7.29.0.73/SkypeWebPlugin.pkg",
                                    "msi":  "https://swx.cdn.skype.com/plugin/7.29.0.73/SkypeWebPlugin.msi",
                                    "minVersion":  "7.0.0.5"
                                }
               },
    "telemetry":  {
                      "trouterTenantToken":  "708a9eb9fe2646fe8f4c37b7eee2e3da-9b97485a-57b9-43a8-8177-07ca7a653a30-6706",
                      "logReportingToken":  "1cae5691997646c98b01d15beddae7a3-50acf4d2-4619-485a-80d4-42143f615c6d-7038",
                      "chatTenantToken":  "9d4666017a6646fd9a3fe6a80b7d14db-b0fc4eec-0d95-4313-9a21-84b453fbbdd7-7594",
                      "uiTenantToken":  "bc1a88c3ef7240a99d650eacd67609ae-b21a92f6-51f2-46d6-be26-e7f9b8722dfa-7553",
                      "mdscToken":  "1cae5691997646c98b01d15beddae7a3-50acf4d2-4619-485a-80d4-42143f615c6d-7038",
                      "jSkypeTenantToken":  "bc1a88c3ef7240a99d650eacd67609ae-b21a92f6-51f2-46d6-be26-e7f9b8722dfa-7553"
                  },
    "abchUserWebService":  {
                               "host":  "https://people.directory.live.com/"
                           }
}
